id,version,stage,action,role,necrotizing_signs,ssti_type,ssti_severe,systemic_signs,facial_site,risk_mrsa,candidates,duration_days,rationale_key,source,section,source_date,reviewed_at,review_status,note
necrotizing,1,base,refer,,yes,*,*,*,*,*,,,ssti.nice.refer,nice-ng141-2019,Recommendation 1.1.13,2019-09-27,,unreviewed,
nonpur_severe,1,base,refer,,*,nonpurulent,yes,*,*,*,,,ssti.nice.refer,nice-ng141-2019,Recommendations 1.1.13-1.1.14,2019-09-27,,unreviewed,
nonpur_mild_mrsa,1,base,select,,*,nonpurulent,no,no,no,yes,ssti_flx_po;ssti_clr_po|ssti_ery_po|ssti_dox_nice_po,5,ssti.nice.mild,nice-ng141-2019,"Recommendations 1.1.5, 1.2.1; Table 1",2019-09-27,,unreviewed,5-7 days; up to 14 days on clinical review.
nonpur_mild,1,base,select,,*,nonpurulent,no,no,no,*,ssti_flx_po;ssti_clr_po|ssti_ery_po|ssti_dox_nice_po,5,ssti.nice.mild,nice-ng141-2019,"Recommendations 1.1.5, 1.2.1; Table 1",2019-09-27,,unreviewed,5-7 days; up to 14 days on clinical review.
nonpur_moderate_mrsa,1,base,select,,*,nonpurulent,no,yes,no,yes,ssti_flx_iv;ssti_amc_iv|ssti_cxm_iv|ssti_cli_nice_iv|ssti_cro_nice_iv,5,ssti.nice.moderate,nice-ng141-2019,"Recommendations 1.1.5-1.1.6, 1.2.1; Table 1",2019-09-27,,unreviewed,The severe-infection alternatives carry 7 days. IV reviewed by 48 h.
nonpur_moderate,1,base,select,,*,nonpurulent,no,yes,no,*,ssti_flx_iv;ssti_amc_iv|ssti_cxm_iv|ssti_cli_nice_iv|ssti_cro_nice_iv,5,ssti.nice.moderate,nice-ng141-2019,"Recommendations 1.1.5-1.1.6, 1.2.1; Table 1",2019-09-27,,unreviewed,The severe-infection alternatives carry 7 days. IV reviewed by 48 h.
nonpur_facial,1,base,select,,*,nonpurulent,no,no,yes,*,ssti_amc_po;ssti_clr_mtz_po,7,ssti.nice.facial,nice-ng141-2019,Table 1 (near the eyes or nose); 1.1.14,2019-09-27,,unreviewed,Consider specialist advice.
nonpur_facial_moderate,1,base,select,,*,nonpurulent,no,yes,yes,*,ssti_amc_iv;ssti_clr_mtz_iv,7,ssti.nice.facial,nice-ng141-2019,Table 1 (near the eyes or nose); 1.1.14,2019-09-27,,unreviewed,Consider specialist advice.
mrsa_add,1,modifier,add,,*,nonpurulent,*,*,*,yes,ssti_add_van;ssti_add_tei;ssti_add_lzd,,ssti.nice.mrsa_add,nice-ng141-2019,Table 1 (MRSA),2019-09-27,,unreviewed,Linezolid only when vancomycin and teicoplanin cannot be used.
