id,version,stage,action,role,pregnancy,uti_site,sepsis,sex,uti_setting,local_fq_resistance,risk_esbl,urologic_obstruction,candidates,duration_days,rationale_key,source,section,source_date,reviewed_at,review_status,note
pregnancy,1,base,refer,,yes,*,*,*,*,*,*,*,,,uti.idsa.pregnancy,idsa-cuti-2025,Introduction (scope); IDSA/ESCMID 2011 scope,2025-07-17,,unreviewed,Neither IDSA guideline covers pregnancy.
sepsis,1,base,refer,,*,systemic,yes,*,*,*,*,*,uti_cro_iv|uti_ctx_iv|uti_caz_iv|uti_fep_iv|uti_mem_iv|uti_ipm_iv|uti_etp_iv|uti_tzp_iv|uti_cip_iv|uti_lvx_iv,,uti.idsa.sepsis,idsa-cuti-2025,Recommendation A-I; Table 1.1,2025-07-17,,unreviewed,
cystitis_male,1,base,refer,,*,cystitis,*,male,*,*,*,*,,,uti.idsa.cystitis_male,idsa-cuti-2025,Box 2,2025-07-17,,unreviewed,Male cystitis is uncomplicated in IDSA 2025; the uUTI guideline is pending.
cystitis_female,1,base,select,,*,cystitis,*,female,*,*,*,*,uti_nit_po|uti_sxt3_po|uti_fos_po|uti_piv_po;uti_cip3_po|uti_lvx3_po;uti_amc3_po|uti_cpd3_po,5,uti.idsa.cystitis,idsa-uti-2011,Recommendations 1-7; Table 4,2011-03-01,,unreviewed,Each regimen carries its own duration.
out_lt10,1,base,select,,*,systemic,*,*,outpatient,lt10,*,*,uti_cip7_po|uti_lvx5_po;uti_cro1_sxt_po|uti_cro1_amc_po|uti_cro1_cpd_po,7,uti.idsa.out_lt10,idsa-uti-2011,Recommendations 9-12; IDSA 2025 duration I,2011-03-01,,unreviewed,IDSA 2011 gives 10-14 days for oral beta-lactams and 14 days for TMP-SMX; IDSA 2025 gives 7 days for non-fluoroquinolones.
out_ge10,1,base,select,,*,systemic,*,*,outpatient,ge10,*,*,uti_cro1_cip_po|uti_cro1_lvx_po;uti_cro1_sxt_po|uti_cro1_amc_po|uti_cro1_cpd_po,7,uti.idsa.out_ge10,idsa-uti-2011,Recommendations 9-12; IDSA 2025 duration I,2011-03-01,,unreviewed,
inpatient,1,base,select,,*,systemic,*,*,inpatient,*,*,*,uti_cro_iv|uti_ctx_iv|uti_caz_iv|uti_fep_iv|uti_tzp_iv|uti_cip_iv|uti_lvx_iv;uti_etp_iv|uti_mem_iv|uti_ipm_iv|uti_gen_iv|uti_amk_iv,7,uti.idsa.inpatient,idsa-cuti-2025,"Recommendation A-II; Tables 1.1, 2.1; duration I",2025-07-17,,unreviewed,
male_systemic,1,modifier,note,,*,systemic,*,male,*,*,*,*,,,uti.idsa.male_systemic,idsa-cuti-2025,Duration (prostatitis remark),2025-07-17,,unreviewed,
esbl,1,modifier,note,,*,systemic,*,*,*,*,yes,*,,,uti.idsa.esbl,idsa-cuti-2025,Step 2-I,2025-07-17,,unreviewed,
obstruction,1,modifier,note,,*,*,*,*,*,*,*,yes,,,uti.note.obstruction,eau-uti-2026,Section 3.7.3,2026-01-01,,unreviewed,
