drug,version,e_coli,enterobacterales,viridans_strep,anaerobes,enterococcus,p_aeruginosa,esbl_enterobacterales,mrsa,source,section,source_date,reviewed_at,review_status,note
ampicillin,1,variable,variable,reliable,variable,reliable,none,none,none,abxpilot-draft,Empiric coverage draft; intrinsic resistance per EUCAST expected phenotypes 2023,2026-09-24,,unreviewed,
aztreonam,1,variable,variable,none,none,none,variable,none,none,abxpilot-draft,Empiric coverage draft; intrinsic resistance per EUCAST expected phenotypes 2023,2026-09-24,,unreviewed,
cefazolin,1,variable,variable,variable,none,none,none,none,none,abxpilot-draft,Empiric coverage draft; intrinsic resistance per EUCAST expected phenotypes 2023,2026-09-24,,unreviewed,
cefepime,1,variable,variable,reliable,none,none,reliable,none,none,abxpilot-draft,Empiric coverage draft; intrinsic resistance per EUCAST expected phenotypes 2023,2026-09-24,,unreviewed,
cefotaxime,1,variable,variable,reliable,none,none,none,none,none,abxpilot-draft,Empiric coverage draft; intrinsic resistance per EUCAST expected phenotypes 2023,2026-09-24,,unreviewed,
cefoxitin,1,variable,variable,variable,variable,none,none,none,none,abxpilot-draft,Empiric coverage draft; intrinsic resistance per EUCAST expected phenotypes 2023,2026-09-24,,unreviewed,
ceftazidime,1,variable,variable,none,none,none,reliable,none,none,abxpilot-draft,Empiric coverage draft; intrinsic resistance per EUCAST expected phenotypes 2023,2026-09-24,,unreviewed,
ceftriaxone,1,variable,variable,reliable,none,none,none,none,none,abxpilot-draft,Empiric coverage draft; intrinsic resistance per EUCAST expected phenotypes 2023,2026-09-24,,unreviewed,
cefuroxime,1,variable,variable,variable,none,none,none,none,none,abxpilot-draft,Empiric coverage draft; intrinsic resistance per EUCAST expected phenotypes 2023,2026-09-24,,unreviewed,
ciprofloxacin,1,variable,variable,none,none,none,reliable,none,none,abxpilot-draft,Empiric coverage draft; intrinsic resistance per EUCAST expected phenotypes 2023,2026-09-24,,unreviewed,
ertapenem,1,reliable,reliable,reliable,reliable,none,none,reliable,none,abxpilot-draft,Empiric coverage draft; intrinsic resistance per EUCAST expected phenotypes 2023,2026-09-24,,unreviewed,
imipenem_cilastatin,1,reliable,reliable,reliable,reliable,reliable,reliable,reliable,none,abxpilot-draft,Empiric coverage draft; intrinsic resistance per EUCAST expected phenotypes 2023,2026-09-24,,unreviewed,
levofloxacin,1,variable,variable,variable,none,none,variable,none,none,abxpilot-draft,Empiric coverage draft; intrinsic resistance per EUCAST expected phenotypes 2023,2026-09-24,,unreviewed,
linezolid,1,none,none,reliable,none,reliable,none,none,reliable,abxpilot-draft,Empiric coverage draft; intrinsic resistance per EUCAST expected phenotypes 2023,2026-09-24,,unreviewed,
meropenem,1,reliable,reliable,reliable,reliable,none,reliable,reliable,none,abxpilot-draft,Empiric coverage draft; intrinsic resistance per EUCAST expected phenotypes 2023,2026-09-24,,unreviewed,
metronidazole,1,none,none,none,reliable,none,none,none,none,abxpilot-draft,Empiric coverage draft; intrinsic resistance per EUCAST expected phenotypes 2023,2026-09-24,,unreviewed,
moxifloxacin,1,variable,variable,reliable,variable,none,none,none,none,abxpilot-draft,Empiric coverage draft; intrinsic resistance per EUCAST expected phenotypes 2023,2026-09-24,,unreviewed,
piperacillin_tazobactam,1,variable,variable,reliable,reliable,reliable,reliable,variable,none,abxpilot-draft,Empiric coverage draft; intrinsic resistance per EUCAST expected phenotypes 2023,2026-09-24,,unreviewed,
teicoplanin,1,none,none,reliable,none,reliable,none,none,reliable,abxpilot-draft,Empiric coverage draft; intrinsic resistance per EUCAST expected phenotypes 2023,2026-09-24,,unreviewed,
tigecycline,1,reliable,variable,reliable,reliable,reliable,none,reliable,reliable,abxpilot-draft,Empiric coverage draft; intrinsic resistance per EUCAST expected phenotypes 2023,2026-09-24,,unreviewed,
vancomycin,1,none,none,reliable,none,reliable,none,none,reliable,abxpilot-draft,Empiric coverage draft; intrinsic resistance per EUCAST expected phenotypes 2023,2026-09-24,,unreviewed,
