drug,version,beta_strep,mssa,mrsa,enterobacterales,anaerobes,p_aeruginosa,source,section,source_date,reviewed_at,review_status,note
amoxicillin_clavulanate,1,reliable,reliable,none,variable,reliable,none,abxpilot-draft,Empiric coverage draft; intrinsic resistance per EUCAST expected phenotypes 2023,2026-09-24,,unreviewed,
benzylpenicillin,1,reliable,none,none,none,variable,none,abxpilot-draft,Empiric coverage draft; intrinsic resistance per EUCAST expected phenotypes 2023,2026-09-24,,unreviewed,
cefazolin,1,reliable,reliable,none,variable,none,none,abxpilot-draft,Empiric coverage draft; intrinsic resistance per EUCAST expected phenotypes 2023,2026-09-24,,unreviewed,
ceftaroline,1,reliable,reliable,reliable,variable,none,none,abxpilot-draft,Empiric coverage draft; intrinsic resistance per EUCAST expected phenotypes 2023,2026-09-24,,unreviewed,
ceftriaxone,1,reliable,variable,none,variable,none,none,abxpilot-draft,Empiric coverage draft; intrinsic resistance per EUCAST expected phenotypes 2023,2026-09-24,,unreviewed,
cefuroxime,1,reliable,reliable,none,variable,none,none,abxpilot-draft,Empiric coverage draft; intrinsic resistance per EUCAST expected phenotypes 2023,2026-09-24,,unreviewed,
cephalexin,1,reliable,reliable,none,variable,none,none,abxpilot-draft,Empiric coverage draft; intrinsic resistance per EUCAST expected phenotypes 2023,2026-09-24,,unreviewed,
clarithromycin,1,variable,variable,none,none,none,none,abxpilot-draft,Empiric coverage draft; intrinsic resistance per EUCAST expected phenotypes 2023,2026-09-24,,unreviewed,
clindamycin,1,reliable,variable,variable,none,variable,none,abxpilot-draft,Empiric coverage draft; intrinsic resistance per EUCAST expected phenotypes 2023,2026-09-24,,unreviewed,
dicloxacillin,1,reliable,reliable,none,none,none,none,abxpilot-draft,Empiric coverage draft; intrinsic resistance per EUCAST expected phenotypes 2023,2026-09-24,,unreviewed,
doxycycline,1,variable,variable,variable,none,none,none,abxpilot-draft,Empiric coverage draft; intrinsic resistance per EUCAST expected phenotypes 2023,2026-09-24,,unreviewed,
erythromycin,1,variable,variable,none,none,none,none,abxpilot-draft,Empiric coverage draft; intrinsic resistance per EUCAST expected phenotypes 2023,2026-09-24,,unreviewed,
flucloxacillin,1,reliable,reliable,none,none,none,none,abxpilot-draft,Empiric coverage draft; intrinsic resistance per EUCAST expected phenotypes 2023,2026-09-24,,unreviewed,
imipenem_cilastatin,1,reliable,reliable,none,reliable,reliable,reliable,abxpilot-draft,Empiric coverage draft; intrinsic resistance per EUCAST expected phenotypes 2023,2026-09-24,,unreviewed,
linezolid,1,reliable,reliable,reliable,none,none,none,abxpilot-draft,Empiric coverage draft; intrinsic resistance per EUCAST expected phenotypes 2023,2026-09-24,,unreviewed,
meropenem,1,reliable,reliable,none,reliable,reliable,reliable,abxpilot-draft,Empiric coverage draft; intrinsic resistance per EUCAST expected phenotypes 2023,2026-09-24,,unreviewed,
metronidazole,1,none,none,none,none,reliable,none,abxpilot-draft,Empiric coverage draft; intrinsic resistance per EUCAST expected phenotypes 2023,2026-09-24,,unreviewed,
penicillin_v,1,reliable,none,none,none,none,none,abxpilot-draft,Empiric coverage draft; intrinsic resistance per EUCAST expected phenotypes 2023,2026-09-24,,unreviewed,
piperacillin_tazobactam,1,reliable,reliable,none,variable,reliable,reliable,abxpilot-draft,Empiric coverage draft; intrinsic resistance per EUCAST expected phenotypes 2023,2026-09-24,,unreviewed,
teicoplanin,1,reliable,reliable,reliable,none,none,none,abxpilot-draft,Empiric coverage draft; intrinsic resistance per EUCAST expected phenotypes 2023,2026-09-24,,unreviewed,
tmp_smx,1,variable,variable,variable,variable,none,none,abxpilot-draft,Empiric coverage draft; intrinsic resistance per EUCAST expected phenotypes 2023,2026-09-24,,unreviewed,
vancomycin,1,reliable,reliable,reliable,none,none,none,abxpilot-draft,Empiric coverage draft; intrinsic resistance per EUCAST expected phenotypes 2023,2026-09-24,,unreviewed,
