drug,version,e_coli,enterobacterales,s_saprophyticus,enterococcus,p_aeruginosa,esbl_enterobacterales,source,section,source_date,reviewed_at,review_status,note
amikacin,1,reliable,reliable,none,none,reliable,reliable,abxpilot-draft,Empiric coverage draft; intrinsic resistance per EUCAST expected phenotypes 2023,2026-09-24,,unreviewed,
amoxicillin_clavulanate,1,variable,variable,reliable,reliable,none,none,abxpilot-draft,Empiric coverage draft; intrinsic resistance per EUCAST expected phenotypes 2023,2026-09-24,,unreviewed,
cefadroxil,1,variable,variable,variable,none,none,none,abxpilot-draft,Empiric coverage draft; intrinsic resistance per EUCAST expected phenotypes 2023,2026-09-24,,unreviewed,
cefepime,1,variable,variable,variable,none,reliable,none,abxpilot-draft,Empiric coverage draft; intrinsic resistance per EUCAST expected phenotypes 2023,2026-09-24,,unreviewed,
cefotaxime,1,variable,variable,variable,none,none,none,abxpilot-draft,Empiric coverage draft; intrinsic resistance per EUCAST expected phenotypes 2023,2026-09-24,,unreviewed,
cefpodoxime,1,variable,variable,variable,none,none,none,abxpilot-draft,Empiric coverage draft; intrinsic resistance per EUCAST expected phenotypes 2023,2026-09-24,,unreviewed,
ceftazidime,1,variable,variable,none,none,reliable,none,abxpilot-draft,Empiric coverage draft; intrinsic resistance per EUCAST expected phenotypes 2023,2026-09-24,,unreviewed,
ceftriaxone,1,variable,variable,variable,none,none,none,abxpilot-draft,Empiric coverage draft; intrinsic resistance per EUCAST expected phenotypes 2023,2026-09-24,,unreviewed,
ciprofloxacin,1,variable,variable,variable,none,reliable,none,abxpilot-draft,Empiric coverage draft; intrinsic resistance per EUCAST expected phenotypes 2023,2026-09-24,,unreviewed,
ertapenem,1,reliable,reliable,variable,none,none,reliable,abxpilot-draft,Empiric coverage draft; intrinsic resistance per EUCAST expected phenotypes 2023,2026-09-24,,unreviewed,
fosfomycin,1,reliable,variable,none,variable,none,variable,abxpilot-draft,Empiric coverage draft; intrinsic resistance per EUCAST expected phenotypes 2023,2026-09-24,,unreviewed,
gentamicin,1,variable,variable,none,none,variable,variable,abxpilot-draft,Empiric coverage draft; intrinsic resistance per EUCAST expected phenotypes 2023,2026-09-24,,unreviewed,
imipenem_cilastatin,1,reliable,reliable,reliable,reliable,reliable,reliable,abxpilot-draft,Empiric coverage draft; intrinsic resistance per EUCAST expected phenotypes 2023,2026-09-24,,unreviewed,
levofloxacin,1,variable,variable,variable,none,variable,none,abxpilot-draft,Empiric coverage draft; intrinsic resistance per EUCAST expected phenotypes 2023,2026-09-24,,unreviewed,
meropenem,1,reliable,reliable,reliable,none,reliable,reliable,abxpilot-draft,Empiric coverage draft; intrinsic resistance per EUCAST expected phenotypes 2023,2026-09-24,,unreviewed,
nitrofurantoin,1,reliable,variable,reliable,reliable,none,variable,abxpilot-draft,Empiric coverage draft; intrinsic resistance per EUCAST expected phenotypes 2023,2026-09-24,,unreviewed,
piperacillin_tazobactam,1,variable,variable,reliable,reliable,reliable,variable,abxpilot-draft,Empiric coverage draft; intrinsic resistance per EUCAST expected phenotypes 2023,2026-09-24,,unreviewed,
pivmecillinam,1,variable,variable,none,none,none,variable,abxpilot-draft,Empiric coverage draft; intrinsic resistance per EUCAST expected phenotypes 2023,2026-09-24,,unreviewed,
tmp_smx,1,variable,variable,variable,none,none,variable,abxpilot-draft,Empiric coverage draft; intrinsic resistance per EUCAST expected phenotypes 2023,2026-09-24,,unreviewed,
