id,version,stage,action,role,sepsis,iai_acquisition,risk_esbl,ent_cover_2010,high_severity_2010,risk_mrsa,source_control,candidates,duration_days,rationale_key,source,section,source_date,reviewed_at,review_status,note
sepsis,1,base,refer,,yes,*,*,*,*,*,*,iai_tzp_iv|iai_mem_iv|iai_ipm_iv|iai_fep_mtz_iv|iai_caz_mtz_iv,,iai.sepsis,sis-idsa-2010,"Recommendations 11-12, 38",2010-01-15,,unreviewed,
healthcare_esbl_ent,1,base,select,,*,healthcare,yes,yes,*,*,*,iai_ipm_iv|iai_tzp_iv;iai_mem_amp_iv,4,iai.sis2010.healthcare_esbl,sis-idsa-2010,Table 3; recommendations 55-56,2010-01-15,,unreviewed,
healthcare_esbl,1,base,select,,*,healthcare,yes,*,*,*,*,iai_mem_iv|iai_ipm_iv|iai_tzp_iv,4,iai.sis2010.healthcare_esbl,sis-idsa-2010,Table 3; recommendation 45,2010-01-15,,unreviewed,Table 3 also lists an aminoglycoside; not modelled.
healthcare_ent,1,base,select,,*,healthcare,*,yes,*,*,*,iai_tzp_iv|iai_ipm_iv;iai_mem_amp_iv|iai_fep_mtz_amp_iv|iai_caz_mtz_amp_iv,4,iai.sis2010.healthcare_ent,sis-idsa-2010,Recommendations 55-56; Table 3,2010-01-15,,unreviewed,
healthcare,1,base,select,,*,healthcare,*,*,*,*,*,iai_mem_iv|iai_ipm_iv|iai_tzp_iv|iai_fep_mtz_iv|iai_caz_mtz_iv,4,iai.sis2010.healthcare,sis-idsa-2010,Recommendation 45; Table 3,2010-01-15,,unreviewed,
community_high,1,base,select,,*,community,*,*,yes,*,*,iai_tzp_iv|iai_ipm_iv;iai_mem_amp_iv|iai_fep_mtz_amp_iv|iai_caz_mtz_amp_iv|iai_cip_mtz_amp_iv|iai_lvx_mtz_amp_iv;iai_cip_mtz_vane_iv|iai_lvx_mtz_vane_iv,4,iai.sis2010.community_high,sis-idsa-2010,Recommendations 38-42; Tables 1-2,2010-01-15,,unreviewed,Enterococcus-active agent recommended (42). Quinolones only if local E. coli susceptibility is 90% or more (39).
community_mild,1,base,select,,*,community,*,*,no,*,*,iai_etp_iv|iai_mxf_iv|iai_fox_iv|iai_tgc_iv|iai_cfz_mtz_iv|iai_cxm_mtz_iv|iai_cro_mtz_iv|iai_ctx_mtz_iv|iai_cip_mtz_iv|iai_lvx_mtz_iv,4,iai.sis2010.community_mild,sis-idsa-2010,Recommendations 30-37; Table 2,2010-01-15,,unreviewed,Recommendation 76: 4-7 days; 4 is the lower bound.
mrsa,1,modifier,add,,*,healthcare,*,*,*,yes,*,iai_add_van,,iai.mrsa,sis-idsa-2010,Recommendations 58-59,2010-01-15,,unreviewed,
source_control,1,modifier,note,,*,*,*,*,*,*,none_planned,,,iai.sis2010.source_control,sis-idsa-2010,"Recommendations 11, 37, 76",2010-01-15,,unreviewed,
