id,version,stage,action,role,setting,severe,comorbid,macrolide_resistance,prior_mrsa,prior_pseudomonas,recent_hosp_iv,aspiration,influenza,candidates,duration_days,rationale_key,source,section,source_date,reviewed_at,review_status,note
out_healthy_low,1,base,select,,outpatient,*,no,lt25,*,*,*,*,*,amx_po;dox_po|azm_po|clr_po,5,cap.idsa.out_healthy,idsa-ats-2019,Q7; Table 3,2019-10-01,,unreviewed,"Tiers follow recommendation strength: amoxicillin strong, doxycycline and macrolide conditional."
out_healthy_high,1,base,select,,outpatient,*,no,ge25,*,*,*,*,*,amx_po;dox_po|azm_po|clr_po,5,cap.idsa.out_healthy_resistant,idsa-ats-2019,Q7; Table 3,2019-10-01,,unreviewed,
out_comorbid,1,base,select,,outpatient,*,yes,*,*,*,*,*,*,amc_azm_po|amc_clr_po|amc_dox_po|cpd_azm_po|cpd_clr_po|cpd_dox_po|cxm_azm_po|cxm_clr_po|cxm_dox_po|lvx_po|mxf_po,5,cap.idsa.out_comorbid,idsa-ats-2019,Q7; Table 3,2019-10-01,,unreviewed,
ward,1,base,select,,ward|icu,no,*,*,*,*,*,*,*,sam_azm_iv|sam_clr_iv|cro_azm_iv|cro_clr_iv|ctx_azm_iv|ctx_clr_iv|cpt_azm_iv|cpt_clr_iv|lvx_iv|mxf_iv;cro_dox,5,cap.idsa.ward,idsa-ats-2019,Q8; Table 4,2019-10-01,,unreviewed,Second tier only when both macrolides and fluoroquinolones are contraindicated.
severe,1,base,select,,*,yes,*,*,*,*,*,*,*,sam_azm_iv|sam_clr_iv|cro_azm_iv|cro_clr_iv|ctx_azm_iv|ctx_clr_iv|cpt_azm_iv|cpt_clr_iv|sam_lvx_iv|sam_mxf_iv|cro_lvx_iv|cro_mxf_iv|ctx_lvx_iv|ctx_mxf_iv|cpt_lvx_iv|cpt_mxf_iv,5,cap.idsa.severe,idsa-ats-2019,Q8; Table 4,2019-10-01,,unreviewed,
mrsa_prior,1,modifier,add,,ward|icu,*,*,*,yes,*,*,*,*,van_iv|lzd_iv,7,cap.idsa.mrsa_prior,idsa-ats-2019,Q10; Q14,2019-10-01,,unreviewed,
mrsa_recent_severe,1,modifier,add,,*,yes,*,*,*,*,yes,*,*,van_iv|lzd_iv,7,cap.idsa.mrsa_recent,idsa-ats-2019,Q10; Q14,2019-10-01,,unreviewed,
psa_prior,1,modifier,replace,beta_lactam,ward|icu,*,*,*,*,yes,*,*,*,tzp_iv|fep_iv|caz_iv|ipm_iv|mem_iv|atm_iv,7,cap.idsa.psa_prior,idsa-ats-2019,Q10; Q14,2019-10-01,,unreviewed,
psa_recent_severe,1,modifier,replace,beta_lactam,*,yes,*,*,*,*,yes,*,*,tzp_iv|fep_iv|caz_iv|ipm_iv|mem_iv|atm_iv,7,cap.idsa.psa_recent,idsa-ats-2019,Q10; Q14,2019-10-01,,unreviewed,
recent_nonsevere,1,modifier,note,,ward|icu,no,*,*,*,*,yes,*,*,,,cap.idsa.recent_nonsevere,idsa-ats-2019,Q10,2019-10-01,,unreviewed,
out_mrsa_note,1,modifier,note,,outpatient,*,*,*,yes,*,*,*,*,,,cap.note.out_resistant,abxpilot-draft,Q10,2026-09-24,,unreviewed,
out_psa_note,1,modifier,note,,outpatient,*,*,*,*,yes,*,*,*,,,cap.note.out_resistant,abxpilot-draft,Q10,2026-09-24,,unreviewed,
aspiration_note,1,modifier,note,,*,*,*,*,*,*,*,suspected,*,,,cap.idsa.aspiration,idsa-ats-2019,Q9,2019-10-01,,unreviewed,
abscess_inpatient,1,modifier,replace,beta_lactam,ward|icu,*,*,*,*,*,*,abscess_or_empyema,*,sam_iv,,cap.idsa.abscess,idsa-ats-2019,Q9,2019-10-01,,unreviewed,The guideline asks for anaerobic cover; the agent choice is a draft.
abscess_outpatient,1,modifier,replace,beta_lactam,outpatient,*,*,*,*,*,*,abscess_or_empyema,*,amc_po,,cap.idsa.abscess,idsa-ats-2019,Q9,2019-10-01,,unreviewed,The guideline asks for anaerobic cover; the agent choice is a draft.
influenza,1,modifier,add,,*,*,*,*,*,*,*,*,yes,osv_po,,cap.idsa.influenza,idsa-ats-2019,Q12; Q13,2019-10-01,,unreviewed,
