id,version,stage,action,role,uti_site,sepsis,pregnancy,sex,uti_setting,local_fq_resistance,risk_esbl,urologic_obstruction,candidates,duration_days,rationale_key,source,section,source_date,reviewed_at,review_status,note
sepsis,1,base,refer,,systemic,yes,*,*,*,*,*,*,,,uti.eau.sepsis,eau-uti-2026,Section 3.9,2026-01-01,,unreviewed,Urosepsis section is under revision and points to SSC 2021.
cystitis_pregnant,1,base,select,,cystitis,*,yes,*,*,*,*,*,uti_fos_po|uti_cdx_po|uti_piv_eau_po|uti_nit_po,5,uti.eau.cystitis_pregnant,eau-uti-2026,Section 3.4.4.c.1,2026-01-01,,unreviewed,Nitrofurantoin not at term or in G6PD deficiency; each regimen carries its own duration.
pregnant_systemic,1,base,select,,systemic,*,yes,*,*,*,*,*,uti_cro_eau_iv|uti_ctx_eau_iv;uti_fep_eau_iv|uti_tzp_iv,7,uti.eau.pregnant_systemic,eau-uti-2026,Section 3.6.3 (text below Table 6),2026-01-01,,unreviewed,7-10 days in total after switching to oral.
cystitis_female,1,base,select,,cystitis,*,*,female,*,*,*,*,uti_fos_po|uti_nit_po|uti_piv_eau_po;uti_cdx_po;uti_sxt3_po,5,uti.eau.cystitis,eau-uti-2026,Section 3.4.4.b; Table 3,2026-01-01,,unreviewed,TMP-SMX only when local E. coli resistance is under 20%.
cystitis_male,1,base,select,,cystitis,*,*,male,*,*,*,*,uti_sxt_po|uti_piv_male_po|uti_nit_male_po,7,uti.eau.cystitis_male,eau-uti-2026,Section 3.4.4.d; Table 3,2026-01-01,,unreviewed,Duration data exist only for TMP-SMX (7 days).
out_lt10,1,base,select,,systemic,*,*,*,outpatient,lt10,*,*,uti_cip_eau_po|uti_lvx_eau_po;uti_cro1_cpd_eau_po|uti_cro1_sxt_eau_po,7,uti.eau.out_lt10,eau-uti-2026,Section 3.6.3; Table 5,2026-01-01,,unreviewed,
out_ge10,1,base,select,,systemic,*,*,*,outpatient,ge10,*,*,uti_cro1_cpd_eau_po;uti_cro1_sxt_eau_po,7,uti.eau.out_ge10,eau-uti-2026,Section 3.6.3; Table 5,2026-01-01,,unreviewed,Fluoroquinolones need local resistance under 10%.
in_lt10,1,base,select,,systemic,*,*,*,inpatient,lt10,*,*,uti_cip_iv|uti_lvx_eau_iv|uti_ctx_eau_iv|uti_cro_eau_iv;uti_fep_eau_iv|uti_tzp_iv|uti_gen_iv|uti_amk_iv,7,uti.eau.inpatient,eau-uti-2026,Section 3.6.3; Table 6; section 3.7.3,2026-01-01,,unreviewed,Section 3.7.3 total 5-10 days; 7 days is the draft value.
in_ge10,1,base,select,,systemic,*,*,*,inpatient,ge10,*,*,uti_ctx_eau_iv|uti_cro_eau_iv;uti_fep_eau_iv|uti_tzp_iv|uti_gen_iv|uti_amk_iv,7,uti.eau.inpatient_resistant,eau-uti-2026,Section 3.6.3; Table 6; section 3.7.3,2026-01-01,,unreviewed,
esbl,1,modifier,replace,beta_lactam|fluoroquinolone|aminoglycoside|folate_antagonist,systemic,*,*,*,*,*,yes,*,uti_mem_iv|uti_ipm_iv,,uti.eau.esbl,eau-uti-2026,Section 3.7.3 (evidence summary); Table 6 (last line),2026-01-01,,unreviewed,
male_systemic,1,modifier,note,,systemic,*,*,male,*,*,*,*,,14,uti.eau.male_systemic,eau-uti-2026,Section 3.6.3 (text below Table 6); section 3.7.3.a.4,2026-01-01,,unreviewed,
obstruction,1,modifier,note,,*,*,*,*,*,*,*,yes,,,uti.note.obstruction,eau-uti-2026,Section 3.7.3,2026-01-01,,unreviewed,
