id,version,stage,action,role,special_exposure,necrotizing_signs,ssti_type,ssti_severe,systemic_signs,risk_mrsa,candidates,duration_days,rationale_key,source,section,source_date,reviewed_at,review_status,note
exposure,1,base,refer,,animal_bite|water_exposure|diabetic_foot|surgical_site,*,*,*,*,*,,,ssti.idsa.exposure,idsa-ssti-2014,"Recommendation 13; sections VII, XI-XIV",2014-07-15,,unreviewed,"Bites, water exposure, diabetic foot and surgical site infection need other rules; not modelled."
necrotizing,1,base,refer,,*,yes,*,*,*,*,ssti_van_tzp_iv|ssti_lzd_tzp_iv|ssti_van_mem_iv|ssti_van_cro_mtz_iv,,ssti.idsa.necrotizing,idsa-ssti-2014,Recommendations 27-28; Table 4,2014-07-15,,unreviewed,Urgent surgical consultation; lines are empiric cover only.
nonpur_severe,1,base,refer,,*,*,nonpurulent,yes,*,*,ssti_van_tzp_iv|ssti_van_mem_iv|ssti_van_ipm_iv,,ssti.idsa.nonpur_severe,idsa-ssti-2014,Figure 1; recommendation 14,2014-07-15,,unreviewed,Emergent surgical inspection to rule out a necrotising process.
nonpur_mild_mrsa,1,base,select,,*,*,nonpurulent,no,no,yes,ssti_cli_po|ssti_sxt_lex_po|ssti_dox_lex_po,5,ssti.idsa.nonpur_mild_mrsa,idsa-ssti-2014,Recommendations 14-15 (evidence summary),2014-07-15,,unreviewed,
nonpur_mild,1,base,select,,*,*,nonpurulent,no,no,*,ssti_pnv_po|ssti_lex_po|ssti_dcx_po;ssti_cli_po,5,ssti.idsa.nonpur_mild,idsa-ssti-2014,Figure 1; recommendations 14-15; Table 2,2014-07-15,,unreviewed,Clindamycin is second tier: Table 2 frames it for penicillin allergy.
nonpur_moderate_mrsa,1,base,select,,*,*,nonpurulent,no,yes,yes,ssti_van_iv|ssti_cli_iv|ssti_lzd_iv|ssti_cpt_iv,5,ssti.idsa.nonpur_moderate_mrsa,idsa-ssti-2014,Recommendations 14-15; Table 2,2014-07-15,,unreviewed,
nonpur_moderate,1,base,select,,*,*,nonpurulent,no,yes,*,ssti_pen_iv|ssti_cro_iv|ssti_cfz_iv;ssti_cli_iv,5,ssti.idsa.nonpur_moderate,idsa-ssti-2014,Figure 1; recommendations 14-15; Table 2,2014-07-15,,unreviewed,
pur_severe,1,base,select,,*,*,purulent,yes,*,*,ssti_van_iv|ssti_lzd_iv|ssti_cpt_iv,5,ssti.idsa.pur_severe,idsa-ssti-2014,Figure 1; recommendation 6; Table 2,2014-07-15,,unreviewed,Incision and drainage plus culture. The guideline gives no duration for purulent infection; 5 days is a draft.
pur_moderate,1,base,select,,*,*,purulent,no,yes,*,ssti_sxt_po|ssti_dox_po,5,ssti.idsa.pur_moderate,idsa-ssti-2014,Figure 1; recommendation 6; Table 2,2014-07-15,,unreviewed,Incision and drainage plus culture. The guideline gives no duration for purulent infection; 5 days is a draft.
pur_mild,1,base,withhold,,*,*,purulent,no,no,*,,,ssti.idsa.pur_mild,idsa-ssti-2014,Figure 1; recommendation 5,2014-07-15,,unreviewed,
