id,version,stage,action,role,sepsis,iai_acquisition,risk_esbl,ent_cover_2010,high_severity_2010,local_esbl,risk_mrsa,source_control,candidates,duration_days,rationale_key,source,section,source_date,reviewed_at,review_status,note
sepsis,1,base,refer,,yes,*,*,*,*,*,*,*,,,iai.sepsis,ekmud-iai-2016,"Items 7, 26",2016-01-01,,unreviewed,The report has no separate sepsis regimen.
healthcare_esbl,1,base,select,,*,healthcare,yes,*,*,*,*,*,iai_mem_iv|iai_ipm_iv|iai_tzp_iv,4,iai.ekmud.healthcare,ekmud-iai-2016,Items 32-33,2016-01-01,,unreviewed,
healthcare_ent,1,base,select,,*,healthcare,*,yes,*,*,*,*,iai_tzp_iv|iai_ipm_iv;iai_mem_amp_iv|iai_fep_mtz_amp_iv|iai_caz_mtz_amp_iv,4,iai.ekmud.healthcare,ekmud-iai-2016,Items 32-34,2016-01-01,,unreviewed,
healthcare,1,base,select,,*,healthcare,*,*,*,*,*,*,iai_tzp_iv|iai_mem_iv|iai_ipm_iv|iai_fep_mtz_iv|iai_caz_mtz_iv,4,iai.ekmud.healthcare,ekmud-iai-2016,Items 32-33,2016-01-01,,unreviewed,Choice depends on local data; with resistance of 20% or more add an aminoglycoside (not modelled).
community_high,1,base,select,,*,community,*,*,yes,*,*,*,iai_tzp_iv|iai_ipm_iv;iai_mem_amp_iv|iai_fep_mtz_amp_iv|iai_caz_mtz_amp_iv|iai_cip_mtz_amp_iv|iai_lvx_mtz_amp_iv;iai_cip_mtz_vane_iv|iai_lvx_mtz_vane_iv,4,iai.ekmud.community_high,ekmud-iai-2016,Items 26-29; Tables 7-8,2016-01-01,,unreviewed,
community_mild_esbl_local,1,base,select,,*,community,*,*,no,ge10,*,*,iai_etp_iv|iai_mxf_iv|iai_tgc_iv,4,iai.ekmud.community_mild_esbl,ekmud-iai-2016,Item 20; Table 8,2016-01-01,,unreviewed,Reading of item 20: the single agents of Table 8 when the local ESBL rate is 10% or more.
community_mild_esbl,1,base,select,,*,community,yes,*,no,*,*,*,iai_etp_iv|iai_mxf_iv|iai_tgc_iv,4,iai.ekmud.community_mild_esbl,ekmud-iai-2016,"Item 20; Tables 4, 8",2016-01-01,,unreviewed,
community_mild,1,base,select,,*,community,*,*,no,*,*,*,iai_etp_iv|iai_mxf_iv|iai_tgc_iv|iai_cfz_mtz_iv|iai_cxm_mtz_iv|iai_cro_mtz_iv|iai_ctx_mtz_iv;iai_cip_mtz_iv|iai_lvx_mtz_iv,4,iai.ekmud.community_mild,ekmud-iai-2016,"Items 20, 28; Table 8",2016-01-01,,unreviewed,Quinolones are not a first choice: E. coli quinolone susceptibility in Turkish IAI was 54% (item 28).
mrsa,1,modifier,add,,*,*,*,*,*,*,yes,*,iai_add_van;iai_add_tei,,iai.mrsa,ekmud-iai-2016,Item 35,2016-01-01,,unreviewed,
source_control,1,modifier,note,,*,*,*,*,*,*,*,none_planned,,,iai.ekmud.source_control,ekmud-iai-2016,Item 7; Clinical follow-up,2016-01-01,,unreviewed,
